,coefficient,std_err,t_value,p_value,ci_lower,ci_upper
Intercept,0.23548387096774306,0.09587002085566325,2.4562826717465196,0.019143195221361767,0.04085738154713542,0.4301103603883507
"C(race_clean, Treatment(reference=""White""))[T.American_Indian_or_Alaska_Native]",0.2645161290322587,0.11680317213908675,2.2646313810491248,0.02983441978576528,0.02739308322790915,0.5016391748366082
"C(race_clean, Treatment(reference=""White""))[T.Asian]",0.05451612903225759,0.07503015927315482,0.7265895415973482,0.47230922081037563,-0.09780319216605995,0.20683545023057512
"C(race_clean, Treatment(reference=""White""))[T.Black_or_African_American]",0.42903225806451617,0.03389517092976751,12.65762190589015,1.2716701920749802e-14,0.3602214028305946,0.4978431132984377
"C(race_clean, Treatment(reference=""White""))[T.More_than_one_race]",0.1945161290322576,0.1569215854863284,1.2395753486011303,0.22337995335298785,-0.12405162577715154,0.5130838838416667
C(state_clean)[T.Alaska],0.0645161290322578,0.16431293737991753,0.39264180934874465,0.6969652196883582,-0.2690568678568149,0.39808912592133044
C(state_clean)[T.Arizona],0.033333333333332396,0.12776426385048165,0.26089715800610186,0.795700832140833,-0.22604191165659904,0.2927085783232638
C(state_clean)[T.Arkansas],0.19999999999999968,0.13344542139598292,1.4987400684698218,0.14290733127901342,-0.07090860796469312,0.47090860796469247
C(state_clean)[T.California],-0.2300000000000002,0.12423092647436022,-1.8513908454789594,0.07256578627313592,-0.4822021887694843,0.022202188769483877
C(state_clean)[T.Colorado],-0.13548387096774192,0.1643129373799175,-0.8245477996323672,0.4152125826810833,-0.46905686785681455,0.19808912592133068
C(state_clean)[T.Connecticut],-0.24999999999999978,0.13344542139598292,-1.8734250855872787,0.06937958084006841,-0.5209086079646925,0.020908607964693016
C(state_clean)[T.District_of_Columbia],-0.06451612903225827,0.16431293737991745,-0.3926418093487477,0.6969652196883562,-0.3980891259213308,0.2690568678568142
C(state_clean)[T.Florida],-0.10000000000000041,0.13344542139598298,-0.7493700342349149,0.4586415711693077,-0.3709086079646933,0.17090860796469248
C(state_clean)[T.Georgia],-0.05000000000000011,0.13344542139598298,-0.3746850171174567,0.7101555069123792,-0.320908607964693,0.2209086079646928
C(state_clean)[T.Idaho],-0.03548387096774123,0.16431293737991745,-0.21595299514180624,0.8302780464160319,-0.36905686785681374,0.29808912592133124
C(state_clean)[T.Illinois],-0.19999999999999998,0.133445421395983,-1.4987400684698233,0.14290733127901306,-0.4709086079646929,0.07090860796469298
C(state_clean)[T.Indiana],0.05000000000000016,0.13344542139598298,0.3746850171174571,0.7101555069123789,-0.22090860796469275,0.32090860796469306
C(state_clean)[T.Iowa],-0.03548387096774155,0.16431293737991756,-0.21595299514180805,0.8302780464160304,-0.36905686785681424,0.2980891259213312
C(state_clean)[T.Kansas],0.2999999999999998,0.13344542139598298,2.248110102704734,0.03097005552469337,0.029091392035306918,0.5709086079646928
C(state_clean)[T.Kentucky],2.6709062533023305e-16,0.13344542139598295,2.001497110475408e-15,0.9999999999999984,-0.27090860796469257,0.2709086079646931
C(state_clean)[T.Louisiana],0.09999999999999994,0.13344542139598298,0.7493700342349113,0.4586415711693099,-0.17090860796469298,0.3709086079646928
C(state_clean)[T.Maine],-0.13548387096774198,0.16431293737991756,-0.8245477996323672,0.4152125826810833,-0.46905686785681466,0.19808912592133074
C(state_clean)[T.Maryland],-0.20000000000000004,0.13344542139598303,-1.4987400684698233,0.14290733127901306,-0.470908607964693,0.07090860796469298
C(state_clean)[T.Massachusetts],-0.20000000000000004,0.13344542139598303,-1.4987400684698233,0.14290733127901306,-0.470908607964693,0.07090860796469298
C(state_clean)[T.Michigan],-0.1499999999999997,0.13344542139598295,-1.1240550513523657,0.2686402447883576,-0.42090860796469254,0.12090860796469316
C(state_clean)[T.Minnesota],-0.1999999999999998,0.13344542139598298,-1.498740068469822,0.1429073312790133,-0.4709086079646927,0.07090860796469312
C(state_clean)[T.Mississippi],0.049999999999999996,0.13344542139598303,0.3746850171174557,0.7101555069123799,-0.22090860796469303,0.320908607964693
C(state_clean)[T.Missouri],-0.05000000000000002,0.13344542139598298,-0.37468501711745605,0.7101555069123797,-0.3209086079646929,0.2209086079646929
C(state_clean)[T.Montana],-0.03548387096774174,0.16431293737991773,-0.21595299514180902,0.8302780464160298,-0.3690568678568148,0.2980891259213313
C(state_clean)[T.Nebraska],-0.03548387096774204,0.16431293737991767,-0.2159529951418109,0.8302780464160282,-0.36905686785681496,0.2980891259213309
C(state_clean)[T.Nevada],-0.10000000000000007,0.13344542139598298,-0.7493700342349124,0.45864157116930937,-0.370908607964693,0.17090860796469282
C(state_clean)[T.New_Hampshire],-0.13548387096774203,0.16431293737991773,-0.8245477996323668,0.4152125826810835,-0.4690568678568151,0.19808912592133102
C(state_clean)[T.New_Jersey],0.05000000000000003,0.13344542139598303,0.374685017117456,0.7101555069123797,-0.22090860796469297,0.32090860796469306
C(state_clean)[T.New_Mexico],-0.035483870967742075,0.16431293737991773,-0.21595299514181104,0.8302780464160282,-0.36905686785681513,0.29808912592133097
C(state_clean)[T.New_York],-0.06333333333333342,0.12423092647436042,-0.5098032762913071,0.6133891335477233,-0.3155355221028179,0.18886885543615106
C(state_clean)[T.North_Carolina],-0.05000000000000033,0.13344542139598306,-0.37468501711745816,0.7101555069123782,-0.3209086079646934,0.22090860796469275
C(state_clean)[T.North_Dakota],-0.035483870967742796,0.16431293737991765,-0.21595299514181554,0.8302780464160247,-0.3690568678568157,0.2980891259213301
C(state_clean)[T.Ohio],-0.05000000000000026,0.13344542139598303,-0.3746850171174577,0.7101555069123784,-0.3209086079646933,0.22090860796469275
C(state_clean)[T.Oklahoma],0.06666666666666624,0.1277642638504817,0.5217943160122147,0.6051002556994649,-0.1927085783232653,0.3260419116565978
C(state_clean)[T.Oregon],-0.13548387096774242,0.16431293737991773,-0.8245477996323691,0.4152125826810823,-0.46905686785681544,0.19808912592133063
C(state_clean)[T.Pennsylvania],-0.15000000000000005,0.13344542139598303,-1.1240550513523677,0.26864024478835663,-0.4209086079646931,0.12090860796469297
C(state_clean)[T.Rhode_Island],-0.03548387096774234,0.16431293737991773,-0.21595299514181265,0.8302780464160269,-0.3690568678568154,0.2980891259213307
C(state_clean)[T.South_Carolina],2.8840691481586285e-16,0.13344542139598306,2.1612349962914833e-15,0.9999999999999982,-0.2709086079646928,0.27090860796469335
C(state_clean)[T.Tennessee],0.19999999999999996,0.13344542139598303,1.4987400684698227,0.14290733127901317,-0.07090860796469306,0.47090860796469297
C(state_clean)[T.Texas],-0.02999999999999975,0.1242309264743604,-0.2414857624537747,0.8105878759144564,-0.28220218876948416,0.22220218876948467
C(state_clean)[T.Utah],-0.03548387096774229,0.16431293737991784,-0.2159529951418122,0.8302780464160272,-0.3690568678568156,0.29808912592133097
C(state_clean)[T.Virginia],-0.06333333333333291,0.1242309264743604,-0.5098032762913031,0.613389133547726,-0.3155355221028173,0.1888688554361515
C(state_clean)[T.Washington],-0.1633333333333333,0.12423092647436042,-1.3147558178038952,0.1971421560835324,-0.41553552210281774,0.08886885543615117
C(state_clean)[T.West_Virginia],-0.03548387096774219,0.1643129373799178,-0.21595299514181165,0.8302780464160276,-0.3690568678568154,0.298089125921331
C(state_clean)[T.Wisconsin],-0.15000000000000016,0.13344542139598303,-1.1240550513523684,0.2686402447883564,-0.4209086079646932,0.12090860796469285
C(state_clean)[T.Wyoming],0.0645161290322584,0.16431293737991778,0.3926418093487477,0.6969652196883562,-0.26905686785681476,0.39808912592133155
